class,warna,tipe
#9e494e,#d37778,matte
#9e494e,#af3e2c,matte
#9e494e,#d14d5a,matte
#9e494e,#bf4f5b,lipcream
#9e494e,#d3737e,lipcream
#9e494e,#b4555d,lipcream
#9e494e,#c87881,lipcream
#9e494e,#e21d0a,liptint
#9e494e,#da1b44,liptint
#9e494e,#ce3223,glossy
#9e494e,#e3687d,glossy
#cd6669,#854843,matte
#cd6669,#a13a4f,matte
#cd6669,#c45659,matte
#cd6669,#b23958,matte
#cd6669,#d14d5a,matte
#cd6669,#c63425,matte
#cd6669,#be505d,lipcream
#cd6669,#bc5159,lipcream
#cd6669,#d57173,lipcream
#cd6669,#a12721,lipcream
#cd6669,#bf4f5b,lipcream
#cd6669,#d3737e,lipcream
#cd6669,#9d3335,lipcream
#cd6669,#b75459,lipcream
#cd6669,#cd766f,lipcream
#cd6669,#a22f34,lipcream
#cd6669,#993533,lipcream
#cd6669,#da1b44,liptint
#cd6669,#d24e73,liptint
#cd6669,#d05e75,glossy
#d78a84,#854843,matte
#d78a84,#d37778,matte
#d78a84,#a13a4f,matte
#d78a84,#c45659,matte
#d78a84,#b23958,matte
#d78a84,#6a241a,matte
#d78a84,#bc3d1d,matte
#d78a84,#af3e2c,matte
#d78a84,#d14d5a,matte
#d78a84,#bc3c23,matte
#d78a84,#c65847,matte
#d78a84,#bc5159,lipcream
#d78a84,#d57173,lipcream
#d78a84,#7b1f10,lipcream
#d78a84,#bf4f5b,lipcream
#d78a84,#b4555d,lipcream
#d78a84,#b75459,lipcream
#d78a84,#c87881,lipcream
#d78a84,#a22f34,lipcream
#d78a84,#993533,lipcream
#d78a84,#e21d0a,liptint
#d78a84,#da1b44,liptint
#d78a84,#d24e73,liptint
#d78a84,#d05e75,glossy
#d78a84,#e3687d,glossy
#f7c6b5,#6f2218,matte
#f7c6b5,#d37778,matte
#f7c6b5,#a13a4f,matte
#f7c6b5,#c45659,matte
#f7c6b5,#b23958,matte
#f7c6b5,#bc3d1d,matte
#f7c6b5,#d14d5a,matte
#f7c6b5,#c7371d,matte
#f7c6b5,#c63425,matte
#f7c6b5,#bc3c23,matte
#f7c6b5,#be505d,lipcream
#f7c6b5,#d57173,lipcream
#f7c6b5,#a12721,lipcream
#f7c6b5,#bf4f5b,lipcream
#f7c6b5,#d3737e,lipcream
#f7c6b5,#b4555d,lipcream
#f7c6b5,#cd766f,lipcream
#f7c6b5,#c87881,lipcream
#f7c6b5,#a22f34,lipcream
#f7c6b5,#e21d0a,liptint
#f7c6b5,#da1b44,liptint
#f7c6b5,#d24e73,liptint
#f7c6b5,#d05e75,glossy
#f7c6b5,#e3687d,glossy
#f7c6b5,#d8cecd,glossy
#da1f4a,#854843,matte
#da1f4a,#d37778,matte
#da1f4a,#c45659,matte
#da1f4a,#b23958,matte
#da1f4a,#8d1e0b,matte
#da1f4a,#af3e2c,matte
#da1f4a,#d14d5a,matte
#da1f4a,#c7371d,matte
#da1f4a,#bc3c23,matte
#da1f4a,#953737,lipcream
#da1f4a,#be505d,lipcream
#da1f4a,#bc5159,lipcream
#da1f4a,#7b1f10,lipcream
#da1f4a,#bf4f5b,lipcream
#da1f4a,#d3737e,lipcream
#da1f4a,#c87881,lipcream
#da1f4a,#da1b44,liptint
#da1f4a,#ce3223,glossy
#da1f4a,#b7372c,glossy
#da1f4a,#d05e75,glossy
#e2546a,#d37778,matte
#e2546a,#a13a4f,matte
#e2546a,#b23958,matte
#e2546a,#6a241a,matte
#e2546a,#5f2a24,matte
#e2546a,#62271f,matte
#e2546a,#af3e2c,matte
#e2546a,#d14d5a,matte
#e2546a,#be505d,lipcream
#e2546a,#bc5159,lipcream
#e2546a,#bf4f5b,lipcream
#e2546a,#d3737e,lipcream
#e2546a,#9d3335,lipcream
#e2546a,#b75459,lipcream
#e2546a,#a22f34,lipcream
#e2546a,#da1b44,liptint
#e2546a,#d24e73,liptint
#e2546a,#d05e75,glossy
#e2546a,#e3687d,glossy
#e2546a,#d8cecd,glossy
#e77978,#c1807e,matte
#e77978,#6f2218,matte
#e77978,#d37778,matte
#e77978,#a13a4f,matte
#e77978,#c45659,matte
#e77978,#b23958,matte
#e77978,#8d1e0b,matte
#e77978,#bc3d1d,matte
#e77978,#d14d5a,matte
#e77978,#c7371d,matte
#e77978,#c63425,matte
#e77978,#bc3c23,matte
#e77978,#c65847,matte
#e77978,#be505d,lipcream
#e77978,#bc5159,lipcream
#e77978,#d57173,lipcream
#e77978,#a12721,lipcream
#e77978,#bf4f5b,lipcream
#e77978,#c57777,lipcream
#e77978,#b4555d,lipcream
#e77978,#9d3335,lipcream
#e77978,#b75459,lipcream
#e77978,#cd766f,lipcream
#e77978,#a22f34,lipcream
#e77978,#993533,lipcream
#e77978,#e21d0a,liptint
#e77978,#da1b44,liptint
#e77978,#d24e73,liptint
#e77978,#ce3223,glossy
#e77978,#b7372c,glossy
#c46d66,#6f2218,matte
#c46d66,#a13a4f,matte
#c46d66,#b23958,matte
#c46d66,#5f2a24,matte
#c46d66,#62271f,matte
#c46d66,#af3e2c,matte
#c46d66,#c7371d,matte
#c46d66,#c63425,matte
#c46d66,#953737,lipcream
#c46d66,#be505d,lipcream
#c46d66,#d87174,lipcream
#c46d66,#a12721,lipcream
#c46d66,#bf4f5b,lipcream
#c46d66,#d3737e,lipcream
#c46d66,#9d3335,lipcream
#c46d66,#cd766f,lipcream
#c46d66,#a22f34,lipcream
#c46d66,#993533,lipcream
#c46d66,#e21d0a,liptint
#c46d66,#b7372c,glossy
#c46d66,#d05e75,glossy
#c46d66,#e3687d,glossy
#d67e7d,#a13a4f,matte
#d67e7d,#c45659,matte
#d67e7d,#8d1e0b,matte
#d67e7d,#6a241a,matte
#d67e7d,#d14d5a,matte
#d67e7d,#be505d,lipcream
#d67e7d,#d57173,lipcream
#d67e7d,#d87174,lipcream
#d67e7d,#bf4f5b,lipcream
#d67e7d,#d3737e,lipcream
#d67e7d,#b4555d,lipcream
#d67e7d,#b75459,lipcream
#d67e7d,#a22f34,lipcream
#d67e7d,#e21d0a,liptint
#d67e7d,#d24e73,liptint
#d67e7d,#ce3223,glossy
#d67e7d,#b7372c,glossy
#de8d8c,#d37778,matte
#de8d8c,#b23958,matte
#de8d8c,#bc3d1d,matte
#de8d8c,#d14d5a,matte
#de8d8c,#c7371d,matte
#de8d8c,#c77c80,matte
#de8d8c,#c63425,matte
#de8d8c,#c65847,matte
#de8d8c,#bc5159,lipcream
#de8d8c,#d57173,lipcream
#de8d8c,#bf4f5b,lipcream
#de8d8c,#c57777,lipcream
#de8d8c,#b4555d,lipcream
#de8d8c,#c87881,lipcream
#de8d8c,#e21d0a,liptint
#de8d8c,#da1b44,liptint
#de8d8c,#d24e73,liptint
#de8d8c,#d05e75,glossy
#de8d8c,#e3687d,glossy
#ec9f97,#6f2218,matte
#ec9f97,#d37778,matte
#ec9f97,#a13a4f,matte
#ec9f97,#c45659,matte
#ec9f97,#b23958,matte
#ec9f97,#8d1e0b,matte
#ec9f97,#bc3d1d,matte
#ec9f97,#d14d5a,matte
#ec9f97,#c7371d,matte
#ec9f97,#c77c80,matte
#ec9f97,#c63425,matte
#ec9f97,#be505d,lipcream
#ec9f97,#bc5159,lipcream
#ec9f97,#d57173,lipcream
#ec9f97,#a12721,lipcream
#ec9f97,#c57777,lipcream
#ec9f97,#d3737e,lipcream
#ec9f97,#b4555d,lipcream
#ec9f97,#9d3335,lipcream
#ec9f97,#cd766f,lipcream
#ec9f97,#a22f34,lipcream
#ec9f97,#da1b44,liptint
#ec9f97,#d24e73,liptint
#ec9f97,#e3687d,glossy
#ba6578,#6f2218,matte
#ba6578,#a13a4f,matte
#ba6578,#c45659,matte
#ba6578,#b23958,matte
#ba6578,#8d1e0b,matte
#ba6578,#bc3d1d,matte
#ba6578,#5f2a24,matte
#ba6578,#af3e2c,matte
#ba6578,#c7371d,matte
#ba6578,#c63425,matte
#ba6578,#be505d,lipcream
#ba6578,#d57173,lipcream
#ba6578,#bf4f5b,lipcream
#ba6578,#c57777,lipcream
#ba6578,#d3737e,lipcream
#ba6578,#9d3335,lipcream
#ba6578,#b75459,lipcream
#ba6578,#a22f34,lipcream
#ba6578,#da1b44,liptint
#ba6578,#d24e73,liptint
#ba6578,#b7372c,glossy
#cf8197,#854843,matte
#cf8197,#d37778,matte
#cf8197,#a13a4f,matte
#cf8197,#b23958,matte
#cf8197,#8d1e0b,matte
#cf8197,#bc3d1d,matte
#cf8197,#af3e2c,matte
#cf8197,#d14d5a,matte
#cf8197,#c7371d,matte
#cf8197,#c63425,matte
#cf8197,#bc5159,lipcream
#cf8197,#d57173,lipcream
#cf8197,#d3737e,lipcream
#cf8197,#b75459,lipcream
#cf8197,#a22f34,lipcream
#cf8197,#993533,lipcream
#cf8197,#e21d0a,liptint
#cf8197,#d24e73,liptint
#cf8197,#ce3223,glossy
#cf8197,#d05e75,glossy
#cf8197,#e3687d,glossy
#f298bc,#6f2218,matte
#f298bc,#d37778,matte
#f298bc,#a13a4f,matte
#f298bc,#bc3d1d,matte
#f298bc,#af3e2c,matte
#f298bc,#c7371d,matte
#f298bc,#c63425,matte
#f298bc,#bc3c23,matte
#f298bc,#be505d,lipcream
#f298bc,#bc5159,lipcream
#f298bc,#c57777,lipcream
#f298bc,#d3737e,lipcream
#f298bc,#c87881,lipcream
#f298bc,#a22f34,lipcream
#f298bc,#e21d0a,liptint
#f298bc,#d24e73,liptint
#f298bc,#d05e75,glossy
#f298bc,#e3687d,glossy
#df7371,#c1807e,matte
#df7371,#6f2218,matte
#df7371,#a13a4f,matte
#df7371,#c45659,matte
#df7371,#8d1e0b,matte
#df7371,#bc3d1d,matte
#df7371,#af3e2c,matte
#df7371,#d14d5a,matte
#df7371,#c63425,matte
#df7371,#bc3c23,matte
#df7371,#953737,lipcream
#df7371,#bc5159,lipcream
#df7371,#a12721,lipcream
#df7371,#7b1f10,lipcream
#df7371,#bf4f5b,lipcream
#df7371,#9d3335,lipcream
#df7371,#b75459,lipcream
#df7371,#cd766f,lipcream
#df7371,#b15854,lipcream
#df7371,#da1b44,liptint
#df7371,#ce3223,glossy
#df7371,#b7372c,glossy
#e48c8a,#c1807e,matte
#e48c8a,#d37778,matte
#e48c8a,#c45659,matte
#e48c8a,#b23958,matte
#e48c8a,#8d1e0b,matte
#e48c8a,#bc3d1d,matte
#e48c8a,#af3e2c,matte
#e48c8a,#d14d5a,matte
#e48c8a,#c77c80,matte
#e48c8a,#c63425,matte
#e48c8a,#bc3c23,matte
#e48c8a,#d57173,lipcream
#e48c8a,#d87174,lipcream
#e48c8a,#bf4f5b,lipcream
#e48c8a,#c57777,lipcream
#e48c8a,#9d3335,lipcream
#e48c8a,#cd766f,lipcream
#e48c8a,#c87881,lipcream
#e48c8a,#b15854,lipcream
#e48c8a,#d24e73,liptint
#e48c8a,#ce3223,glossy
#e48c8a,#e3687d,glossy
#eca9a1,#d37778,matte
#eca9a1,#a13a4f,matte
#eca9a1,#c45659,matte
#eca9a1,#8d1e0b,matte
#eca9a1,#bc3d1d,matte
#eca9a1,#af3e2c,matte
#eca9a1,#c7371d,matte
#eca9a1,#c63425,matte
#eca9a1,#c65847,matte
#eca9a1,#953737,lipcream
#eca9a1,#d57173,lipcream
#eca9a1,#d87174,lipcream
#eca9a1,#7b1f10,lipcream
#eca9a1,#c57777,lipcream
#eca9a1,#d3737e,lipcream
#eca9a1,#9d3335,lipcream
#eca9a1,#cd766f,lipcream
#eca9a1,#c87881,lipcream
#eca9a1,#a22f34,lipcream
#eca9a1,#e21d0a,liptint
#eca9a1,#d24e73,liptint
#eca9a1,#b7372c,glossy
#eca9a1,#e3687d,glossy
#eca9a1,#d8cecd,glossy
#b07259,#6f2218,matte
#b07259,#c45659,matte
#b07259,#bc3d1d,matte
#b07259,#5f2a24,matte
#b07259,#d14d5a,matte
#b07259,#c77c80,matte
#b07259,#c63425,matte
#b07259,#c65847,matte
#b07259,#953737,lipcream
#b07259,#be505d,lipcream
#b07259,#d3737e,lipcream
#b07259,#cd766f,lipcream
#b07259,#a22f34,lipcream
#b07259,#b15854,lipcream
#b07259,#993533,lipcream
#b07259,#b7372c,glossy
#c68067,#6f2218,matte
#c68067,#d37778,matte
#c68067,#c45659,matte
#c68067,#8d1e0b,matte
#c68067,#d14d5a,matte
#c68067,#c7371d,matte
#c68067,#c63425,matte
#c68067,#bc3c23,matte
#c68067,#c65847,matte
#c68067,#953737,lipcream
#c68067,#be505d,lipcream
#c68067,#7b1f10,lipcream
#c68067,#bf4f5b,lipcream
#c68067,#b4555d,lipcream
#c68067,#b75459,lipcream
#c68067,#cd766f,lipcream
#c68067,#a22f34,lipcream
#c68067,#b15854,lipcream
#c68067,#da1b44,liptint
#c68067,#b7372c,glossy
#ce8c74,#854843,matte
#ce8c74,#d37778,matte
#ce8c74,#a13a4f,matte
#ce8c74,#8d1e0b,matte
#ce8c74,#bc3d1d,matte
#ce8c74,#af3e2c,matte
#ce8c74,#d14d5a,matte
#ce8c74,#c63425,matte
#ce8c74,#bc3c23,matte
#ce8c74,#c65847,matte
#ce8c74,#be505d,lipcream
#ce8c74,#d57173,lipcream
#ce8c74,#a12721,lipcream
#ce8c74,#7b1f10,lipcream
#ce8c74,#bf4f5b,lipcream
#ce8c74,#b4555d,lipcream
#ce8c74,#b75459,lipcream
#ce8c74,#cd766f,lipcream
#ce8c74,#b15854,lipcream
#ce8c74,#e21d0a,liptint
#ce8c74,#da1b44,liptint
#ce8c74,#ce3223,glossy
#ce8c74,#d8cecd,glossy
#e6a996,#c1807e,matte
#e6a996,#854843,matte
#e6a996,#6f2218,matte
#e6a996,#c45659,matte
#e6a996,#8d1e0b,matte
#e6a996,#bc3d1d,matte
#e6a996,#62271f,matte
#e6a996,#d14d5a,matte
#e6a996,#c7371d,matte
#e6a996,#c65847,matte
#e6a996,#953737,lipcream
#e6a996,#be505d,lipcream
#e6a996,#d57173,lipcream
#e6a996,#c57777,lipcream
#e6a996,#b4555d,lipcream
#e6a996,#cd766f,lipcream
#e6a996,#a22f34,lipcream
#e6a996,#b15854,lipcream
#e6a996,#e21d0a,liptint
#e6a996,#da1b44,liptint
#e6a996,#ce3223,glossy
#e6a996,#d8cecd,glossy
#ba6d5b,#6f2218,matte
#ba6d5b,#c45659,matte
#ba6d5b,#8d1e0b,matte
#ba6d5b,#bc3d1d,matte
#ba6d5b,#62271f,matte
#ba6d5b,#af3e2c,matte
#ba6d5b,#d14d5a,matte
#ba6d5b,#c7371d,matte
#ba6d5b,#c63425,matte
#ba6d5b,#953737,lipcream
#ba6d5b,#bc5159,lipcream
#ba6d5b,#7b1f10,lipcream
#ba6d5b,#bf4f5b,lipcream
#ba6d5b,#9d3335,lipcream
#ba6d5b,#b75459,lipcream
#ba6d5b,#cd766f,lipcream
#ba6d5b,#b15854,lipcream
#ba6d5b,#ce3223,glossy
#ba6d5b,#b7372c,glossy
#c48167,#854843,matte
#c48167,#d37778,matte
#c48167,#c45659,matte
#c48167,#b23958,matte
#c48167,#8d1e0b,matte
#c48167,#d14d5a,matte
#c48167,#c7371d,matte
#c48167,#bc3c23,matte
#c48167,#be505d,lipcream
#c48167,#a12721,lipcream
#c48167,#bf4f5b,lipcream
#c48167,#b75459,lipcream
#c48167,#cd766f,lipcream
#c48167,#a22f34,lipcream
#c48167,#b7372c,glossy
#c8906f,#c1807e,matte
#c8906f,#6f2218,matte
#c8906f,#d37778,matte
#c8906f,#8d1e0b,matte
#c8906f,#6a241a,matte
#c8906f,#62271f,matte
#c8906f,#af3e2c,matte
#c8906f,#d14d5a,matte
#c8906f,#bc3c23,matte
#c8906f,#be505d,lipcream
#c8906f,#bc5159,lipcream
#c8906f,#d57173,lipcream
#c8906f,#d87174,lipcream
#c8906f,#7b1f10,lipcream
#c8906f,#d3737e,lipcream
#c8906f,#cd766f,lipcream
#c8906f,#b7372c,glossy
#c8906f,#e3687d,glossy
#e9a892,#c1807e,matte
#e9a892,#6f2218,matte
#e9a892,#d37778,matte
#e9a892,#c45659,matte
#e9a892,#8d1e0b,matte
#e9a892,#5f2a24,matte
#e9a892,#c77c80,matte
#e9a892,#c63425,matte
#e9a892,#c65847,matte
#e9a892,#be505d,lipcream
#e9a892,#bc5159,lipcream
#e9a892,#a12721,lipcream
#e9a892,#d3737e,lipcream
#e9a892,#cd766f,lipcream
#e9a892,#b15854,lipcream
#e9a892,#ce3223,glossy
#e9a892,#b7372c,glossy
#e9a892,#e3687d,glossy
#b64a5a,#c1807e,matte
#b64a5a,#854843,matte
#b64a5a,#d37778,matte
#b64a5a,#a13a4f,matte
#b64a5a,#c45659,matte
#b64a5a,#5f2a24,matte
#b64a5a,#62271f,matte
#b64a5a,#d14d5a,matte
#b64a5a,#c77c80,matte
#b64a5a,#953737,lipcream
#b64a5a,#be505d,lipcream
#b64a5a,#a12721,lipcream
#b64a5a,#bf4f5b,lipcream
#b64a5a,#b4555d,lipcream
#b64a5a,#9d3335,lipcream
#b64a5a,#b75459,lipcream
#b64a5a,#a22f34,lipcream
#b64a5a,#993533,lipcream
#b64a5a,#d24e73,liptint
#b64a5a,#b7372c,glossy
#b64a5a,#e3687d,glossy
#d24e65,#c1807e,matte
#d24e65,#854843,matte
#d24e65,#6f2218,matte
#d24e65,#8d1e0b,matte
#d24e65,#bc3d1d,matte
#d24e65,#af3e2c,matte
#d24e65,#d14d5a,matte
#d24e65,#c7371d,matte
#d24e65,#c63425,matte
#d24e65,#bc3c23,matte
#d24e65,#be505d,lipcream
#d24e65,#bc5159,lipcream
#d24e65,#a12721,lipcream
#d24e65,#7b1f10,lipcream
#d24e65,#9d3335,lipcream
#d24e65,#b75459,lipcream
#d24e65,#a22f34,lipcream
#d24e65,#da1b44,liptint
#d24e65,#d24e73,liptint
#d24e65,#ce3223,glossy
#d24e65,#b7372c,glossy
#d24e65,#d05e75,glossy
#d24e65,#e3687d,glossy
#e36d6b,#c1807e,matte
#e36d6b,#c45659,matte
#e36d6b,#b23958,matte
#e36d6b,#6a241a,matte
#e36d6b,#bc3d1d,matte
#e36d6b,#62271f,matte
#e36d6b,#af3e2c,matte
#e36d6b,#d14d5a,matte
#e36d6b,#c63425,matte
#e36d6b,#bc3c23,matte
#e36d6b,#c65847,matte
#e36d6b,#be505d,lipcream
#e36d6b,#a12721,lipcream
#e36d6b,#7b1f10,lipcream
#e36d6b,#bf4f5b,lipcream
#e36d6b,#b75459,lipcream
#e36d6b,#e21d0a,liptint
#e36d6b,#da1b44,liptint
#e36d6b,#ce3223,glossy
#e36d6b,#b7372c,glossy
#e36d6b,#e3687d,glossy
#ebb3b4,#d37778,matte
#ebb3b4,#c45659,matte
#ebb3b4,#8d1e0b,matte
#ebb3b4,#bc3d1d,matte
#ebb3b4,#af3e2c,matte
#ebb3b4,#d14d5a,matte
#ebb3b4,#c7371d,matte
#ebb3b4,#c63425,matte
#ebb3b4,#bc3c23,matte
#ebb3b4,#c65847,matte
#ebb3b4,#bc5159,lipcream
#ebb3b4,#d57173,lipcream
#ebb3b4,#d87174,lipcream
#ebb3b4,#bf4f5b,lipcream
#ebb3b4,#d3737e,lipcream
#ebb3b4,#b4555d,lipcream
#ebb3b4,#c87881,lipcream
#ebb3b4,#a22f34,lipcream
#ebb3b4,#d24e73,liptint
#ebb3b4,#d05e75,glossy
#ebb3b4,#e3687d,glossy
#ebb3b4,#d8cecd,glossy
#e06e6d,#c1807e,matte
#e06e6d,#854843,matte
#e06e6d,#d37778,matte
#e06e6d,#c45659,matte
#e06e6d,#8d1e0b,matte
#e06e6d,#bc3d1d,matte
#e06e6d,#62271f,matte
#e06e6d,#af3e2c,matte
#e06e6d,#d14d5a,matte
#e06e6d,#c63425,matte
#e06e6d,#bc3c23,matte
#e06e6d,#c65847,matte
#e06e6d,#be505d,lipcream
#e06e6d,#bf4f5b,lipcream
#e06e6d,#d3737e,lipcream
#e06e6d,#b75459,lipcream
#e06e6d,#cd766f,lipcream
#e06e6d,#ce3223,glossy
#e06e6d,#b7372c,glossy
#e06e6d,#e3687d,glossy
#db8880,#c1807e,matte
#db8880,#854843,matte
#db8880,#6f2218,matte
#db8880,#d37778,matte
#db8880,#c45659,matte
#db8880,#8d1e0b,matte
#db8880,#6a241a,matte
#db8880,#bc3d1d,matte
#db8880,#5f2a24,matte
#db8880,#af3e2c,matte
#db8880,#c7371d,matte
#db8880,#c63425,matte
#db8880,#bc3c23,matte
#db8880,#c65847,matte
#db8880,#953737,lipcream
#db8880,#be505d,lipcream
#db8880,#d87174,lipcream
#db8880,#7b1f10,lipcream
#db8880,#c57777,lipcream
#db8880,#d3737e,lipcream
#db8880,#b75459,lipcream
#db8880,#cd766f,lipcream
#db8880,#b15854,lipcream
#db8880,#d24e73,liptint
#db8880,#b7372c,glossy
#fb96a4,#854843,matte
#fb96a4,#d37778,matte
#fb96a4,#c45659,matte
#fb96a4,#b23958,matte
#fb96a4,#8d1e0b,matte
#fb96a4,#bc3d1d,matte
#fb96a4,#d14d5a,matte
#fb96a4,#c7371d,matte
#fb96a4,#c63425,matte
#fb96a4,#bc3c23,matte
#fb96a4,#c65847,matte
#fb96a4,#be505d,lipcream
#fb96a4,#bc5159,lipcream
#fb96a4,#a12721,lipcream
#fb96a4,#bf4f5b,lipcream
#fb96a4,#d3737e,lipcream
#fb96a4,#b75459,lipcream
#fb96a4,#a22f34,lipcream
#fb96a4,#d24e73,liptint
#fb96a4,#e3687d,glossy
#f5aeb4,#854843,matte
#f5aeb4,#d37778,matte
#f5aeb4,#a13a4f,matte
#f5aeb4,#c45659,matte
#f5aeb4,#b23958,matte
#f5aeb4,#8d1e0b,matte
#f5aeb4,#bc3d1d,matte
#f5aeb4,#5f2a24,matte
#f5aeb4,#c7371d,matte
#f5aeb4,#c63425,matte
#f5aeb4,#bc5159,lipcream
#f5aeb4,#d57173,lipcream
#f5aeb4,#d87174,lipcream
#f5aeb4,#7b1f10,lipcream
#f5aeb4,#bf4f5b,lipcream
#f5aeb4,#d3737e,lipcream
#f5aeb4,#cd766f,lipcream
#f5aeb4,#e21d0a,liptint
#f5aeb4,#d24e73,liptint
#f5aeb4,#ce3223,glossy
#f5aeb4,#e3687d,glossy
#9f4948,#6f2218,matte
#9f4948,#a13a4f,matte
#9f4948,#c45659,matte
#9f4948,#b23958,matte
#9f4948,#8d1e0b,matte
#9f4948,#bc3d1d,matte
#9f4948,#af3e2c,matte
#9f4948,#d14d5a,matte
#9f4948,#c7371d,matte
#9f4948,#c63425,matte
#9f4948,#bc3c23,matte
#9f4948,#c65847,matte
#9f4948,#953737,lipcream
#9f4948,#a12721,lipcream
#9f4948,#7b1f10,lipcream
#9f4948,#b4555d,lipcream
#9f4948,#9d3335,lipcream
#9f4948,#b75459,lipcream
#9f4948,#a22f34,lipcream
#9f4948,#993533,lipcream
#9f4948,#da1b44,liptint
#9f4948,#b7372c,glossy
#9f4948,#e3687d,glossy
#b7675c,#6f2218,matte
#b7675c,#c45659,matte
#b7675c,#5f2a24,matte
#b7675c,#af3e2c,matte
#b7675c,#d14d5a,matte
#b7675c,#c7371d,matte
#b7675c,#c63425,matte
#b7675c,#bc3c23,matte
#b7675c,#953737,lipcream
#b7675c,#bc5159,lipcream
#b7675c,#a12721,lipcream
#b7675c,#7b1f10,lipcream
#b7675c,#bf4f5b,lipcream
#b7675c,#9d3335,lipcream
#b7675c,#b75459,lipcream
#b7675c,#993533,lipcream
#b7675c,#e21d0a,liptint
#b7675c,#ce3223,glossy
#b7675c,#b7372c,glossy
#b7675c,#e3687d,glossy
#bc7e7f,#6f2218,matte
#bc7e7f,#d37778,matte
#bc7e7f,#c45659,matte
#bc7e7f,#b23958,matte
#bc7e7f,#6a241a,matte
#bc7e7f,#bc3d1d,matte
#bc7e7f,#d14d5a,matte
#bc7e7f,#c63425,matte
#bc7e7f,#be505d,lipcream
#bc7e7f,#d57173,lipcream
#bc7e7f,#d87174,lipcream
#bc7e7f,#c57777,lipcream
#bc7e7f,#b4555d,lipcream
#bc7e7f,#c87881,lipcream
#bc7e7f,#a22f34,lipcream
#bc7e7f,#b15854,lipcream
#bc7e7f,#d24e73,liptint
#bc7e7f,#ce3223,glossy
#f19d9d,#6f2218,matte
#f19d9d,#d37778,matte
#f19d9d,#c45659,matte
#f19d9d,#b23958,matte
#f19d9d,#8d1e0b,matte
#f19d9d,#bc3d1d,matte
#f19d9d,#af3e2c,matte
#f19d9d,#d14d5a,matte
#f19d9d,#c7371d,matte
#f19d9d,#c63425,matte
#f19d9d,#953737,lipcream
#f19d9d,#bc5159,lipcream
#f19d9d,#d57173,lipcream
#f19d9d,#a12721,lipcream
#f19d9d,#bf4f5b,lipcream
#f19d9d,#9d3335,lipcream
#f19d9d,#b75459,lipcream
#f19d9d,#a22f34,lipcream
#f19d9d,#da1b44,liptint
#f19d9d,#d24e73,liptint
#f19d9d,#ce3223,glossy
#f19d9d,#e3687d,glossy
#8e5754,#d37778,matte
#8e5754,#c45659,matte
#8e5754,#b23958,matte
#8e5754,#8d1e0b,matte
#8e5754,#6a241a,matte
#8e5754,#bc3d1d,matte
#8e5754,#d14d5a,matte
#8e5754,#c63425,matte
#8e5754,#953737,lipcream
#8e5754,#a12721,lipcream
#8e5754,#7b1f10,lipcream
#8e5754,#bf4f5b,lipcream
#8e5754,#b4555d,lipcream
#8e5754,#a22f34,lipcream
#8e5754,#b15854,lipcream
#8e5754,#da1b44,liptint
#8e5754,#b7372c,glossy
#8e5754,#d05e75,glossy
#cb8c7d,#c45659,matte
#cb8c7d,#8d1e0b,matte
#cb8c7d,#6a241a,matte
#cb8c7d,#bc3d1d,matte
#cb8c7d,#af3e2c,matte
#cb8c7d,#d14d5a,matte
#cb8c7d,#bc3c23,matte
#cb8c7d,#c65847,matte
#cb8c7d,#bc5159,lipcream
#cb8c7d,#c57777,lipcream
#cb8c7d,#d3737e,lipcream
#cb8c7d,#b4555d,lipcream
#cb8c7d,#b75459,lipcream
#cb8c7d,#cd766f,lipcream
#cb8c7d,#b15854,lipcream
#cb8c7d,#993533,lipcream
#cb8c7d,#b7372c,glossy
#cc918d,#854843,matte
#cc918d,#d37778,matte
#cc918d,#8d1e0b,matte
#cc918d,#bc3d1d,matte
#cc918d,#62271f,matte
#cc918d,#d14d5a,matte
#cc918d,#c7371d,matte
#cc918d,#c63425,matte
#cc918d,#bc3c23,matte
#cc918d,#d87174,lipcream
#cc918d,#a12721,lipcream
#cc918d,#c57777,lipcream
#cc918d,#d3737e,lipcream
#cc918d,#b4555d,lipcream
#cc918d,#cd766f,lipcream
#cc918d,#c87881,lipcream
#cc918d,#a22f34,lipcream
#cc918d,#da1b44,liptint
#cc918d,#d24e73,liptint
#cc918d,#ce3223,glossy
#dda8a4,#854843,matte
#dda8a4,#6f2218,matte
#dda8a4,#c45659,matte
#dda8a4,#8d1e0b,matte
#dda8a4,#bc3d1d,matte
#dda8a4,#d14d5a,matte
#dda8a4,#c7371d,matte
#dda8a4,#c63425,matte
#dda8a4,#bc5159,lipcream
#dda8a4,#d57173,lipcream
#dda8a4,#d87174,lipcream
#dda8a4,#7b1f10,lipcream
#dda8a4,#c57777,lipcream
#dda8a4,#b4555d,lipcream
#dda8a4,#c87881,lipcream
#dda8a4,#a22f34,lipcream
#dda8a4,#da1b44,liptint
#dda8a4,#d24e73,liptint
#dda8a4,#ce3223,glossy
#dda8a4,#e3687d,glossy
#bf7874,#6f2218,matte
#bf7874,#c45659,matte
#bf7874,#b23958,matte
#bf7874,#6a241a,matte
#bf7874,#bc3d1d,matte
#bf7874,#d14d5a,matte
#bf7874,#c7371d,matte
#bf7874,#c63425,matte
#bf7874,#be505d,lipcream
#bf7874,#bc5159,lipcream
#bf7874,#d57173,lipcream
#bf7874,#bf4f5b,lipcream
#bf7874,#c57777,lipcream
#bf7874,#b4555d,lipcream
#bf7874,#b75459,lipcream
#bf7874,#b15854,lipcream
#bf7874,#b7372c,glossy
#bf7874,#d05e75,glossy
#bd9387,#d37778,matte
#bd9387,#c45659,matte
#bd9387,#8d1e0b,matte
#bd9387,#6a241a,matte
#bd9387,#bc3d1d,matte
#bd9387,#c7371d,matte
#bd9387,#c63425,matte
#bd9387,#bc3c23,matte
#bd9387,#c65847,matte
#bd9387,#be505d,lipcream
#bd9387,#d57173,lipcream
#bd9387,#bf4f5b,lipcream
#bd9387,#c57777,lipcream
#bd9387,#b4555d,lipcream
#bd9387,#b75459,lipcream
#bd9387,#cd766f,lipcream
#bd9387,#c87881,lipcream
#bd9387,#d05e75,glossy
#dcb4b5,#c1807e,matte
#dcb4b5,#6f2218,matte
#dcb4b5,#d37778,matte
#dcb4b5,#b23958,matte
#dcb4b5,#6a241a,matte
#dcb4b5,#d14d5a,matte
#dcb4b5,#c7371d,matte
#dcb4b5,#c77c80,matte
#dcb4b5,#bc3c23,matte
#dcb4b5,#d87174,lipcream
#dcb4b5,#d3737e,lipcream
#dcb4b5,#b75459,lipcream
#dcb4b5,#c87881,lipcream
#dcb4b5,#a22f34,lipcream
#dcb4b5,#d24e73,liptint
#dcb4b5,#d05e75,glossy
#dcb4b5,#e3687d,glossy
#ebbdae,#854843,matte
#ebbdae,#6f2218,matte
#ebbdae,#d37778,matte
#ebbdae,#a13a4f,matte
#ebbdae,#8d1e0b,matte
#ebbdae,#6a241a,matte
#ebbdae,#5f2a24,matte
#ebbdae,#af3e2c,matte
#ebbdae,#c7371d,matte
#ebbdae,#c77c80,matte
#ebbdae,#bc3c23,matte
#ebbdae,#c65847,matte
#ebbdae,#bc5159,lipcream
#ebbdae,#d57173,lipcream
#ebbdae,#d87174,lipcream
#ebbdae,#bf4f5b,lipcream
#ebbdae,#c57777,lipcream
#ebbdae,#d3737e,lipcream
#ebbdae,#c87881,lipcream
#ebbdae,#a22f34,lipcream
#ebbdae,#da1b44,liptint
#ebbdae,#ce3223,glossy
#ebbdae,#b7372c,glossy